{
  "project_info": {
    "project_number": "167853399863",
    "project_id": "pickapartca",
    "storage_bucket": "pickapartca.firebasestorage.app"
  },
  "client": [
    {
      "client_info": {
        "mobilesdk_app_id": "1:167853399863:android:c538638b8d7a4bf48204b2",
        "android_client_info": {
          "package_name": "com.hebautogroup.picksapart"
        }
      },
      "oauth_client": [],
      "api_key": [
        {
          "current_key": "AIzaSyChOX3Cc0J8-l5VgFVyfP4dOa7YO9cnFLY"
        }
      ],
      "services": {
        "appinvite_service": {
          "other_platform_oauth_client": []
        }
      }
    }
  ],
  "configuration_version": "1"
}